dit,moa,amc,buggy
4,1,105.5,TRUE
4,0,41,FALSE
2,0,6.5,FALSE
4,2,129,TRUE
1,0,45.2,FALSE
4,0,21,FALSE
4,2,66,TRUE
2,2,17.375,FALSE
2,0,49.166667,FALSE
3,0,26.5,FALSE
4,0,23,TRUE
1,1,22.666667,FALSE
4,1,30.5,FALSE
3,0,3,FALSE
4,0,23,FALSE
1,0,29,FALSE
2,0,21.4,FALSE
4,1,25,TRUE
1,0,10.5,FALSE
4,1.369003,123.399355,TRUE
4,2,104.145183,TRUE
4,2,106.162338,TRUE
4,0.063449,46.17168,TRUE
4,0.5423,24.1446,TRUE
