cbo,rfc,loc,cam,buggy
0,27,177,1,FALSE
14,11,72,0.533333,FALSE
7,49,424,0.355556,TRUE
4,32,169,0.229814,TRUE
8,93,1412,0.218182,TRUE
5,44,276,0.5,TRUE
3,12,69,0.545455,FALSE
0,42,841,1,FALSE
1,14,66,0.458333,FALSE
15,44,1760,0.315789,TRUE
8,36,375,0.461538,FALSE
10,80,938,0.230769,TRUE
2,17,160,0.375,FALSE
6,14,66,0.458333,FALSE
10,56,1606,0.277778,TRUE
11,63,836,0.231579,TRUE
20,67,665,0.23,TRUE
