,Voting,RandomForest,AdaBoost
Precision,0.6352941176470588,0.7678571428571429,0.7
Recall,0.2903225806451613,0.46236559139784944,0.5268817204301075
Auc_Score,0.7480992216337667,0.7710088669555448,0.7783060503931953
Accuracy,0.7742382271468145,0.8254847645429363,0.8199445983379502
F_Measure,0.39852398523985244,0.5771812080536913,0.6012269938650306
GMean,0.42946504829145854,0.5958445451342202,0.6073032226993985
