,Voting,RandomForest,AdaBoost
Precision,0.62962962963,0.745614035088,0.70802919708
Recall,0.274193548387,0.456989247312,0.521505376344
Auc_Score,0.746755135612,0.780126584818,0.780633124699
Accuracy,0.771468144044,0.819944598338,0.821329639889
F_Measure,0.38202247191,0.566666666667,0.600619195046
GMean,0.415500159227,0.583727330763,0.607652065648
