,Voting,RandomForest,AdaBoost
Precision,0.8,0.8,0.78
Recall,0.65306122449,0.734693877551,0.795918367347
Auc_Score,0.875332741792,0.923913043478,0.922914818101
Accuracy,0.822695035461,0.843971631206,0.851063829787
F_Measure,0.719101123596,0.765957446809,0.787878787879
GMean,0.722806322324,0.766651878,0.787918984751
