,Voting,RandomForest,AdaBoost
Precision,0.7837837837837838,0.7916666666666666,0.8541666666666666
Recall,0.5918367346938775,0.7755102040816326,0.8367346938775511
Auc_Score,0.8693433895297249,0.9235803016858917,0.9283496007098493
Accuracy,0.8014184397163121,0.851063829787234,0.8936170212765957
F_Measure,0.6744186046511628,0.7835051546391752,0.845360824742268
GMean,0.6810815188364802,0.7835467939002063,0.8454057513133806
