,Voting,RandomForest,AdaBoost
Precision,0.7,0.833333333333,0.727272727273
Recall,0.777777777778,0.555555555556,0.888888888889
Auc_Score,0.746031746032,0.928571428571,0.90873015873
Accuracy,0.782608695652,0.782608695652,0.826086956522
F_Measure,0.736842105263,0.666666666667,0.8
GMean,0.737864787373,0.68041381744,0.804030252207
