,Voting,RandomForest,AdaBoost
Precision,0.7,0.7777777777777778,0.7142857142857143
Recall,0.7777777777777778,0.7777777777777778,0.5555555555555556
Auc_Score,0.746031746031746,0.8928571428571429,0.9285714285714286
Accuracy,0.782608695652174,0.8260869565217391,0.7391304347826086
F_Measure,0.7368421052631577,0.7777777777777778,0.6250000000000001
GMean,0.7378647873726218,0.7777777777777778,0.629940788348712
