,Voting,RandomForest,AdaBoost
Precision,0.77027027027,0.769230769231,0.791044776119
Recall,0.686746987952,0.602409638554,0.638554216867
Auc_Score,0.875502008032,0.901719554273,0.904604332824
Accuracy,0.85472972973,0.837837837838,0.851351351351
F_Measure,0.726114649682,0.675675675676,0.706666666667
GMean,0.727310654409,0.68072904276,0.710721448615
