,Voting,RandomForest,AdaBoost
Precision,0.7631578947368421,0.8611111111111112,0.835820895522388
Recall,0.6987951807228916,0.7469879518072289,0.6746987951807228
Auc_Score,0.8837038294021156,0.9290966683635953,0.9126364613383109
Accuracy,0.8547297297297297,0.8952702702702703,0.8716216216216216
F_Measure,0.7295597484276729,0.8,0.7466666666666666
GMean,0.7302677994905247,0.8020222098965439,0.7509509645748037
