,Voting,RandomForest,AdaBoost
Precision,0.7540983606557377,0.9246575342465754,0.9150326797385621
Recall,0.6301369863013698,0.9246575342465754,0.958904109589041
Auc_Score,0.8914714980114892,0.9704485196641626,0.9657313300927971
Accuracy,0.8157894736842105,0.9517543859649122,0.9583333333333334
F_Measure,0.6865671641791045,0.9246575342465754,0.9364548494983277
GMean,0.6893368322949311,0.9246575342465754,0.9367115868876502
