,Voting,RandomForest,AdaBoost
Precision,0.760330578512,0.919463087248,0.921568627451
Recall,0.630136986301,0.938356164384,0.965753424658
Auc_Score,0.895205479452,0.970227574017,0.967565178966
Accuracy,0.81798245614,0.953947368421,0.962719298246
F_Measure,0.689138576779,0.928813559322,0.943143812709
GMean,0.692179470467,0.928861591327,0.943402383937
