,Voting,RandomForest,AdaBoost
Precision,0.615384615385,0.777777777778,0.727272727273
Recall,0.8,0.7,0.8
Auc_Score,0.885714285714,0.828571428571,0.8
Accuracy,0.708333333333,0.791666666667,0.791666666667
F_Measure,0.695652173913,0.736842105263,0.761904761905
GMean,0.701646415446,0.737864787373,0.762770071396
