,Voting,RandomForest,AdaBoost
Precision,0.6153846153846154,0.6666666666666666,0.7
Recall,0.8,0.8,0.7
Auc_Score,0.8857142857142857,0.8535714285714286,0.7714285714285715
Accuracy,0.7083333333333334,0.75,0.75
F_Measure,0.6956521739130435,0.7272727272727272,0.7
GMean,0.7016464154456233,0.7302967433402214,0.7
