,Voting,RandomForest,AdaBoost
Precision,0.9043478260869565,0.9572649572649573,0.963963963963964
Recall,0.8739495798319328,0.9411764705882353,0.8991596638655462
Auc_Score,0.9367276322293624,0.9835887296094908,0.9700444883835888
Accuracy,0.8725490196078431,0.9411764705882353,0.9215686274509803
F_Measure,0.8888888888888888,0.9491525423728814,0.9304347826086956
GMean,0.8890187864328951,0.94918662753772,0.930998127719029
