,Voting,RandomForest,AdaBoost
Precision,0.911504424779,0.927272727273,0.926229508197
Recall,0.865546218487,0.857142857143,0.949579831933
Auc_Score,0.939693524469,0.946762234305,0.975333662877
Accuracy,0.872549019608,0.877450980392,0.926470588235
F_Measure,0.887931034483,0.890829694323,0.9377593361
GMean,0.888228128355,0.891518476985,0.937832000267
