,Voting,RandomForest,AdaBoost
Precision,0.6571428571428571,0.6448598130841121,0.6330275229357798
Recall,0.6509433962264151,0.6509433962264151,0.6509433962264151
Auc_Score,0.6953141198424218,0.6545200082935931,0.6785195936139333
Accuracy,0.6294416243654822,0.6192893401015228,0.6091370558375635
F_Measure,0.6540284360189574,0.647887323943662,0.641860465116279
GMean,0.6540357813105498,0.6478944642601163,0.6419229593063418
