,Voting,RandomForest,AdaBoost
Precision,0.666666666667,0.642857142857,0.656862745098
Recall,0.641509433962,0.594339622642,0.632075471698
Auc_Score,0.703815052872,0.663642960813,0.686916856728
Accuracy,0.634517766497,0.604060913706,0.624365482234
F_Measure,0.653846153846,0.617647058824,0.644230769231
GMean,0.653967090896,0.618122537769,0.644349927794
