,Voting,RandomForest,AdaBoost
Precision,0.9101796407185628,0.9119496855345912,0.8820224719101124
Recall,0.8636363636363636,0.8238636363636364,0.8920454545454546
Auc_Score,0.8980082417582417,0.8897977022977024,0.9119318181818182
Accuracy,0.8539325842696629,0.8314606741573034,0.850187265917603
F_Measure,0.8862973760932944,0.8656716417910448,0.8870056497175142
GMean,0.8866026365661404,0.8667884309940939,0.8870198063596786
