,Voting,RandomForest,AdaBoost
Precision,0.909638554217,0.903614457831,0.881355932203
Recall,0.857954545455,0.852272727273,0.886363636364
Auc_Score,0.902378871129,0.906406093906,0.924356893107
Accuracy,0.850187265918,0.842696629213,0.846441947566
F_Measure,0.883040935673,0.877192982456,0.883852691218
GMean,0.883418661967,0.877568207252,0.883856237744
