,Voting,RandomForest,AdaBoost
Precision,0.544303797468,0.658682634731,0.678571428571
Recall,0.502923976608,0.643274853801,0.777777777778
Auc_Score,0.817173141186,0.858030492899,0.89880952381
Accuracy,0.746365105008,0.809369951535,0.836833602585
F_Measure,0.522796352584,0.650887573964,0.724795640327
GMean,0.523204960131,0.650933157519,0.726483157257
