,Voting,RandomForest,AdaBoost
Precision,0.564935064935065,0.6909090909090909,0.6881720430107527
Recall,0.5087719298245614,0.6666666666666666,0.7485380116959064
Auc_Score,0.8234257518796992,0.8737729741019215,0.9019684628237259
Accuracy,0.7560581583198708,0.8255250403877221,0.8368336025848142
F_Measure,0.5353846153846155,0.6785714285714286,0.7170868347338937
GMean,0.5361185533187384,0.6786796450506384,0.7177206509359882
