,Voting,RandomForest,AdaBoost
Precision,0.8979591836734694,0.9024390243902439,0.9130434782608695
Recall,0.8627450980392157,0.7254901960784313,0.8235294117647058
Auc_Score,0.9281430219146483,0.9289504036908882,0.9252595155709343
Accuracy,0.9117647058823529,0.8676470588235294,0.9044117647058824
F_Measure,0.8799999999999999,0.8043478260869564,0.865979381443299
GMean,0.8801760528176061,0.8091419311552864,0.8671321459661007
