,Voting,RandomForest,AdaBoost
Precision,0.897959183673,0.933333333333,0.913043478261
Recall,0.862745098039,0.823529411765,0.823529411765
Auc_Score,0.924682814302,0.931257208766,0.930680507497
Accuracy,0.911764705882,0.911764705882,0.904411764706
F_Measure,0.88,0.875,0.865979381443
GMean,0.880176052818,0.876714007519,0.867132145966
