,Voting,RandomForest,AdaBoost
Precision,0.5714285714285714,0.5714285714285714,0.5714285714285714
Recall,0.5714285714285714,0.5714285714285714,0.5714285714285714
Auc_Score,0.7771428571428571,0.8257142857142856,0.8257142857142856
Accuracy,0.8125,0.8125,0.8125
F_Measure,0.5714285714285714,0.5714285714285714,0.5714285714285714
GMean,0.5714285714285714,0.5714285714285714,0.5714285714285714
