,Voting,RandomForest,AdaBoost
Precision,0.571428571429,0.571428571429,0.571428571429
Recall,0.571428571429,0.571428571429,0.571428571429
Auc_Score,0.777142857143,0.82,0.822857142857
Accuracy,0.8125,0.8125,0.8125
F_Measure,0.571428571429,0.571428571429,0.571428571429
GMean,0.571428571429,0.571428571429,0.571428571429
