,Voting,RandomForest,AdaBoost
Precision,0.8571428571428571,0.8333333333333334,0.8333333333333334
Recall,0.8571428571428571,0.7142857142857143,0.7142857142857143
Auc_Score,0.8095238095238095,0.7142857142857144,0.7142857142857143
Accuracy,0.8,0.7,0.7
F_Measure,0.8571428571428571,0.7692307692307692,0.7692307692307692
GMean,0.8571428571428571,0.7715167498104596,0.7715167498104596
