,Voting,RandomForest,AdaBoost
Precision,0.857142857143,0.833333333333,0.833333333333
Recall,0.857142857143,0.714285714286,0.714285714286
Auc_Score,0.809523809524,0.714285714286,0.761904761905
Accuracy,0.8,0.7,0.7
F_Measure,0.857142857143,0.769230769231,0.769230769231
GMean,0.857142857143,0.77151674981,0.77151674981
