,Voting,RandomForest,AdaBoost
Precision,0.666666666667,0.6,0.45
Recall,0.347826086957,0.391304347826,0.391304347826
Auc_Score,0.783421373425,0.674319382365,0.761275904104
Accuracy,0.853846153846,0.846153846154,0.807692307692
F_Measure,0.457142857143,0.473684210526,0.418604651163
GMean,0.481543412343,0.484543711852,0.419627163708
