,Voting,RandomForest,AdaBoost
Precision,0.6153846153846154,0.5789473684210527,0.5555555555555556
Recall,0.34782608695652173,0.4782608695652174,0.43478260869565216
Auc_Score,0.7696058512799675,0.7273466070702966,0.7480698902885006
Accuracy,0.8461538461538461,0.8461538461538461,0.8384615384615385
F_Measure,0.4444444444444444,0.5238095238095238,0.4878048780487805
GMean,0.46265194557299216,0.5262013605584338,0.49147318718299043
