,Voting,RandomForest,AdaBoost
Precision,0.6,0.5,0.428571428571
Recall,0.428571428571,0.428571428571,0.428571428571
Auc_Score,0.835497835498,0.746753246753,0.65367965368
Accuracy,0.85,0.825,0.8
F_Measure,0.5,0.461538461538,0.428571428571
GMean,0.507092552837,0.462910049886,0.428571428571
