,Voting,RandomForest,AdaBoost
Precision,0.6,0.5,0.6
Recall,0.42857142857142855,0.42857142857142855,0.42857142857142855
Auc_Score,0.8354978354978355,0.8181818181818181,0.6709956709956709
Accuracy,0.85,0.825,0.85
F_Measure,0.5,0.4615384615384615,0.5
GMean,0.50709255283711,0.4629100498862757,0.50709255283711
