,Voting,RandomForest,AdaBoost
Precision,0.75,0.75,0.6923076923076923
Recall,0.9,0.9,0.9
Auc_Score,0.7625,0.84375,0.83125
Accuracy,0.7777777777777778,0.7777777777777778,0.7222222222222222
F_Measure,0.8181818181818182,0.8181818181818182,0.7826086956521738
GMean,0.8215838362577492,0.8215838362577492,0.7893522173763263
