,Voting,RandomForest,AdaBoost
Precision,0.75,0.727272727273,0.727272727273
Recall,0.9,0.8,0.8
Auc_Score,0.7625,0.80625,0.81875
Accuracy,0.777777777778,0.722222222222,0.722222222222
F_Measure,0.818181818182,0.761904761905,0.761904761905
GMean,0.821583836258,0.762770071396,0.762770071396
