,Voting,RandomForest,AdaBoost
Precision,0.6,0.4,0.4
Recall,0.375,0.25,0.25
Auc_Score,0.846590909091,0.761363636364,0.764204545455
Accuracy,0.766666666667,0.7,0.7
F_Measure,0.461538461538,0.307692307692,0.307692307692
GMean,0.474341649025,0.316227766017,0.316227766017
