,Voting,RandomForest,AdaBoost
Precision,0.5,0.3333333333333333,0.4
Recall,0.375,0.125,0.25
Auc_Score,0.8409090909090908,0.75,0.7840909090909091
Accuracy,0.7333333333333333,0.7,0.7
F_Measure,0.42857142857142855,0.18181818181818182,0.3076923076923077
GMean,0.4330127018922193,0.2041241452319315,0.31622776601683794
