,Voting,RandomForest,AdaBoost
Precision,0.727272727273,0.857142857143,0.897727272727
Recall,0.448598130841,0.560747663551,0.738317757009
Auc_Score,0.856014125705,0.920667760576,0.930316758222
Accuracy,0.877971473851,0.909667194929,0.941362916006
F_Measure,0.554913294798,0.677966101695,0.810256410256
GMean,0.57118577194,0.693282665637,0.814130202367
