,Voting,RandomForest,AdaBoost
Precision,0.7058823529411765,0.8857142857142857,0.8571428571428571
Recall,0.4485981308411215,0.5794392523364486,0.6728971962616822
Auc_Score,0.8557644289077548,0.915201184276236,0.933848184347578
Accuracy,0.8748019017432647,0.9160063391442155,0.9255150554675119
F_Measure,0.5485714285714286,0.7005649717514124,0.7539267015706805
GMean,0.5627232926786883,0.7163920878248149,0.7594531093933029
