,Voting,RandomForest,AdaBoost
Precision,0.6451612903225806,0.6153846153846154,0.6451612903225806
Recall,0.46511627906976744,0.37209302325581395,0.46511627906976744
Auc_Score,0.8355649518440216,0.7683814893117218,0.7811839323467229
Accuracy,0.7605633802816901,0.7394366197183099,0.7605633802816901
F_Measure,0.5405405405405406,0.463768115942029,0.5405405405405406
GMean,0.5477910356647767,0.47851888364366335,0.5477910356647767
