,Voting,RandomForest,AdaBoost
Precision,0.647058823529,0.592592592593,0.694444444444
Recall,0.511627906977,0.372093023256,0.581395348837
Auc_Score,0.82640357059,0.730326521024,0.812309137891
Accuracy,0.767605633803,0.732394366197,0.795774647887
F_Measure,0.571428571429,0.457142857143,0.632911392405
GMean,0.575372359063,0.469573816707,0.635410709719
