,Voting,RandomForest,AdaBoost
Precision,0.7777777777777778,0.7,0.7
Recall,0.7777777777777778,0.7777777777777778,0.7777777777777778
Auc_Score,0.6752136752136753,0.7094017094017094,0.6153846153846154
Accuracy,0.8181818181818182,0.7727272727272727,0.7727272727272727
F_Measure,0.7777777777777778,0.7368421052631577,0.7368421052631577
GMean,0.7777777777777778,0.7378647873726218,0.7378647873726218
