,Voting,RandomForest,AdaBoost
Precision,0.777777777778,0.7,0.7
Recall,0.777777777778,0.777777777778,0.777777777778
Auc_Score,0.675213675214,0.65811965812,0.623931623932
Accuracy,0.818181818182,0.772727272727,0.772727272727
F_Measure,0.777777777778,0.736842105263,0.736842105263
GMean,0.777777777778,0.737864787373,0.737864787373
