,Voting,RandomForest,AdaBoost
Precision,0.888888888889,0.875,0.875
Recall,0.888888888889,0.777777777778,0.777777777778
Auc_Score,0.861111111111,0.916666666667,0.944444444444
Accuracy,0.846153846154,0.769230769231,0.769230769231
F_Measure,0.888888888889,0.823529411765,0.823529411765
GMean,0.888888888889,0.824957911384,0.824957911384
