,Voting,RandomForest,AdaBoost
Precision,0.8888888888888888,0.875,1.0
Recall,0.8888888888888888,0.7777777777777778,0.7777777777777778
Auc_Score,0.861111111111111,0.875,0.9166666666666666
Accuracy,0.8461538461538461,0.7692307692307693,0.8461538461538461
F_Measure,0.8888888888888888,0.823529411764706,0.8750000000000001
GMean,0.8888888888888888,0.8249579113843054,0.8819171036881969
