,Voting,RandomForest,AdaBoost
Precision,0.962585034014,0.985964912281,0.986111111111
Recall,0.98606271777,0.979094076655,0.989547038328
Auc_Score,0.998055021062,0.997649383743,0.997836600967
Accuracy,0.975884244373,0.983922829582,0.988745980707
F_Measure,0.974182444062,0.982517482517,0.987826086957
GMean,0.97425315741,0.982523488474,0.987827580837
