,Voting,RandomForest,AdaBoost
Precision,0.9658703071672355,0.9893992932862191,0.9895104895104895
Recall,0.9860627177700348,0.975609756097561,0.9860627177700348
Auc_Score,0.9982110354152581,0.9960736387747673,0.9974569660408759
Accuracy,0.977491961414791,0.9839228295819936,0.9887459807073955
F_Measure,0.9758620689655172,0.9824561403508772,0.987783595113438
GMean,0.9759142893198678,0.9824803322235348,0.9877850993757047
