,Voting,RandomForest,AdaBoost
Precision,0.927536231884,0.902777777778,0.907142857143
Recall,0.927536231884,0.942028985507,0.920289855072
Auc_Score,0.914068218416,0.92270531401,0.905577514273
Accuracy,0.915611814346,0.907172995781,0.898734177215
F_Measure,0.927536231884,0.921985815603,0.913669064748
GMean,0.927536231884,0.922194574989,0.913692710122
