,Voting,RandomForest,AdaBoost
Precision,0.927536231884058,0.9202898550724637,0.900709219858156
Recall,0.927536231884058,0.9202898550724637,0.9202898550724637
Auc_Score,0.9140682184160445,0.921643975991802,0.9078465817596253
Accuracy,0.9156118143459916,0.9071729957805907,0.8945147679324894
F_Measure,0.927536231884058,0.9202898550724637,0.9103942652329748
GMean,0.927536231884058,0.9202898550724637,0.9104468998276035
