,Voting,RandomForest,AdaBoost
Precision,0.875,0.777777777778,0.777777777778
Recall,0.777777777778,0.777777777778,0.777777777778
Auc_Score,0.888888888889,0.916666666667,0.902777777778
Accuracy,0.823529411765,0.764705882353,0.764705882353
F_Measure,0.823529411765,0.777777777778,0.777777777778
GMean,0.824957911384,0.777777777778,0.777777777778
