,Voting,RandomForest,AdaBoost
Precision,0.875,0.75,0.75
Recall,0.7777777777777778,0.6666666666666666,0.6666666666666666
Auc_Score,0.9166666666666667,0.9097222222222222,0.8958333333333334
Accuracy,0.8235294117647058,0.7058823529411765,0.7058823529411765
F_Measure,0.823529411764706,0.7058823529411765,0.7058823529411765
GMean,0.8249579113843054,0.7071067811865476,0.7071067811865476
